{
	"IcoMoonType": "selection",
	"icons": [
		{
			"icon": {
				"paths": [
					"M512 386.517v-109.184c0-10.923-4.181-21.845-12.501-30.208-8.32-8.32-19.243-12.459-30.165-12.459s-21.845 4.139-30.165 12.459l-268.501 264.875 268.501 264.832c8.32 8.32 19.243 12.501 30.165 12.501s21.845-4.181 30.165-12.501 12.501-19.285 12.501-30.165v-106.197c117.333 2.901 245.547 24.149 341.333 170.197v-42.667c0-197.675-149.333-360.235-341.333-381.483z"
				],
				"attrs": [
					{}
				],
				"isMulticolor": false,
				"tags": [
					"arrow-back"
				],
				"grid": 24
			},
			"attrs": [
				{}
			],
			"properties": {
				"order": 1,
				"id": 0,
				"prevSize": 24,
				"code": 58880,
				"name": "arrow-back"
			},
			"setIdx": 1,
			"setId": 7,
			"iconIdx": 0
		},
		{
			"icon": {
				"paths": [
					"M960 780.736l-268.992-268.736 268.992-268.736-179.264-179.264-268.736 268.864-268.864-268.864-179.136 179.264 268.736 268.736-268.736 268.736 179.136 179.264 268.864-268.864 268.736 268.864z"
				],
				"attrs": [],
				"isMulticolor": false,
				"tags": [
					"x",
					"cancel",
					"close"
				],
				"grid": 16
			},
			"attrs": [],
			"properties": {
				"id": 11,
				"order": 10,
				"prevSize": 32,
				"code": 58882,
				"name": "x"
			},
			"setIdx": 4,
			"setId": 4,
			"iconIdx": 11
		},
		{
			"icon": {
				"paths": [
					"M640 192l-384 384-128-128-128 128 256 256 512-512-128-128z"
				],
				"width": 768,
				"attrs": [],
				"isMulticolor": false,
				"tags": [
					"check"
				],
				"defaultCode": 61498,
				"grid": 16
			},
			"attrs": [],
			"properties": {
				"id": 20,
				"order": 1,
				"prevSize": 32,
				"code": 61498,
				"name": "check"
			},
			"setIdx": 6,
			"setId": 2,
			"iconIdx": 20
		},
		{
			"icon": {
				"paths": [
					"M0 192v640h896v-640h-896zM768 256l-320 264-320-264h640zM64 320l252.031 191.625-252.031 192.375v-384zM128 768l254-206.25 66 50.25 65.875-50.125 254.125 206.125h-640zM832 704l-252.375-192.062 252.375-191.938v384z"
				],
				"width": 896,
				"attrs": [],
				"isMulticolor": false,
				"tags": [
					"mail"
				],
				"defaultCode": 61499,
				"grid": 16
			},
			"attrs": [],
			"properties": {
				"id": 102,
				"order": 11,
				"prevSize": 32,
				"code": 61499,
				"name": "mail"
			},
			"setIdx": 6,
			"setId": 2,
			"iconIdx": 102
		},
		{
			"icon": {
				"paths": [
					"M704 640c-64 64-64 128-128 128s-128-64-192-128-128-128-128-192 64-64 128-128-128-256-192-256-192 192-192 192c0 128 131.5 387.5 256 512s384 256 512 256c0 0 192-128 192-192s-192-256-256-192z"
				],
				"attrs": [],
				"tags": [
					"phone",
					"telephone",
					"contact",
					"support",
					"call"
				],
				"defaultCode": 57564,
				"grid": 16
			},
			"attrs": [],
			"properties": {
				"order": 12,
				"id": 1783,
				"prevSize": 32,
				"code": 59714,
				"ligatures": "phone, telephone",
				"name": "phone"
			},
			"setIdx": 7,
			"setId": 0,
			"iconIdx": 66
		},
		{
			"icon": {
				"paths": [
					"M512 0c-176.732 0-320 143.268-320 320 0 320 320 704 320 704s320-384 320-704c0-176.732-143.27-320-320-320zM512 516c-108.248 0-196-87.752-196-196s87.752-196 196-196 196 87.752 196 196-87.752 196-196 196zM388 320c0-68.483 55.517-124 124-124s124 55.517 124 124c0 68.483-55.517 124-124 124s-124-55.517-124-124z"
				],
				"attrs": [],
				"tags": [
					"location",
					"map-marker",
					"pin"
				],
				"defaultCode": 57587,
				"grid": 16
			},
			"attrs": [],
			"properties": {
				"id": 310,
				"order": 13,
				"prevSize": 32,
				"code": 59720,
				"ligatures": "location2, map-marker2",
				"name": "location2"
			},
			"setIdx": 7,
			"setId": 0,
			"iconIdx": 72
		},
		{
			"icon": {
				"paths": [
					"M672 192c-88.366 0-160 71.634-160 160v96h-128v128h128v448h128v-448h144l32-128h-176v-96c0-17.672 14.326-32 32-32h160v-128h-160z"
				],
				"attrs": [],
				"tags": [
					"facebook",
					"brand",
					"social"
				],
				"defaultCode": 58520,
				"grid": 16
			},
			"attrs": [],
			"properties": {
				"id": 1297,
				"order": 8,
				"prevSize": 32,
				"code": 60044,
				"ligatures": "facebook, brand6",
				"name": "facebook"
			},
			"setIdx": 7,
			"setId": 0,
			"iconIdx": 396
		},
		{
			"icon": {
				"paths": [
					"M1024 194.418c-37.676 16.708-78.164 28.002-120.66 33.080 43.372-26 76.686-67.17 92.372-116.23-40.596 24.078-85.556 41.56-133.41 50.98-38.32-40.83-92.922-66.34-153.346-66.34-116.022 0-210.088 94.058-210.088 210.078 0 16.466 1.858 32.5 5.44 47.878-174.6-8.764-329.402-92.4-433.018-219.506-18.084 31.028-28.446 67.116-28.446 105.618 0 72.888 37.088 137.192 93.46 174.866-34.438-1.092-66.832-10.542-95.154-26.278-0.020 0.876-0.020 1.756-0.020 2.642 0 101.788 72.418 186.696 168.522 206-17.626 4.8-36.188 7.372-55.348 7.372-13.538 0-26.698-1.32-39.528-3.772 26.736 83.46 104.32 144.206 196.252 145.896-71.9 56.35-162.486 89.934-260.916 89.934-16.958 0-33.68-0.994-50.116-2.94 92.972 59.61 203.402 94.394 322.042 94.394 386.422 0 597.736-320.124 597.736-597.744 0-9.108-0.206-18.168-0.61-27.18 41.056-29.62 76.672-66.62 104.836-108.748z"
				],
				"attrs": [],
				"tags": [
					"twitter",
					"brand",
					"tweet",
					"social"
				],
				"defaultCode": 58525,
				"grid": 16
			},
			"attrs": [],
			"properties": {
				"id": 1302,
				"order": 9,
				"prevSize": 32,
				"code": 60049,
				"ligatures": "twitter, brand11",
				"name": "twitter"
			},
			"setIdx": 7,
			"setId": 0,
			"iconIdx": 401
		},
		{
			"icon": {
				"paths": [
					"M256 307.2h512l-256 460.8-256-460.8z"
				],
				"attrs": [],
				"isMulticolor": false,
				"tags": [
					"triangle-down"
				],
				"grid": 20
			},
			"attrs": [],
			"properties": {
				"id": 80,
				"order": 7,
				"prevSize": 20,
				"code": 58881,
				"name": "triangle-down"
			},
			"setIdx": 5,
			"setId": 3,
			"iconIdx": 80
		},
		{
			"icon": {
				"paths": [
					"M313.498 371.2l40.499-268.8h-210.637l-88.013 230.4c-2.714 8.192-4.147 16.691-4.147 25.6 0 56.525 58.88 102.4 131.635 102.4 67.072 0 122.522-39.117 130.662-89.6zM512 460.8c72.704 0 131.635-45.875 131.635-102.4 0-2.099-0.154-4.198-0.256-6.195l-26.061-249.805h-210.637l-26.112 249.6c-0.102 2.099-0.205 4.198-0.205 6.4 0 56.525 58.931 102.4 131.635 102.4zM768 514.355v202.445h-512v-202.138c-22.426 8.090-47.104 12.698-73.165 12.698-9.984 0-19.661-1.178-29.235-2.509v325.069c0 39.424 32.205 71.68 71.578 71.68h573.542c39.424 0 71.68-32.307 71.68-71.68v-325.018c-9.626 1.28-19.251 2.509-29.235 2.509-25.907-0.051-50.688-4.762-73.165-13.056zM968.704 332.8l-88.115-230.4h-210.586l40.448 268.39c7.885 50.688 63.334 90.010 130.714 90.010 72.704 0 131.635-45.875 131.635-102.4 0-8.909-1.434-17.408-4.096-25.6z"
				],
				"attrs": [],
				"isMulticolor": false,
				"tags": [
					"shop"
				],
				"grid": 20
			},
			"attrs": [],
			"properties": {
				"id": 272,
				"order": 14,
				"prevSize": 20,
				"code": 58883,
				"name": "shop"
			},
			"setIdx": 5,
			"setId": 3,
			"iconIdx": 272
		}
	],
	"height": 1024,
	"metadata": {
		"name": "icomoon"
	},
	"preferences": {
		"showGlyphs": true,
		"showQuickUse": true,
		"showQuickUse2": true,
		"showSVGs": true,
		"fontPref": {
			"prefix": "icon-",
			"metadata": {
				"fontFamily": "icomoon",
				"majorVersion": 1,
				"minorVersion": 0
			},
			"metrics": {
				"emSize": 1024,
				"baseline": 6.25,
				"whitespace": 50
			},
			"resetPoint": 58880
		},
		"imagePref": {
			"prefix": "icon-",
			"png": true,
			"useClassSelector": true,
			"color": 4473924,
			"bgColor": 16777215
		},
		"historySize": 100,
		"showCodes": false,
		"showLiga": false,
		"gridSize": 16
	}
}