{
	"IcoMoonType": "selection",
	"icons": [
		{
			"icon": {
				"paths": [
					"M810.667 725.333h-597.333c-47.061 0-85.333 38.272-85.333 85.333s38.272 85.333 85.333 85.333h597.333c47.061 0 85.333-38.272 85.333-85.333s-38.272-85.333-85.333-85.333z",
					"M810.667 426.667h-597.333c-47.061 0-85.333 38.272-85.333 85.333s38.272 85.333 85.333 85.333h597.333c47.061 0 85.333-38.272 85.333-85.333s-38.272-85.333-85.333-85.333z",
					"M810.667 128h-597.333c-47.061 0-85.333 38.272-85.333 85.333s38.272 85.333 85.333 85.333h597.333c47.061 0 85.333-38.272 85.333-85.333s-38.272-85.333-85.333-85.333z"
				],
				"attrs": [],
				"isMulticolor": false,
				"tags": [
					"th-menu"
				],
				"grid": 24
			},
			"attrs": [],
			"properties": {
				"id": 11,
				"order": 13,
				"prevSize": 24,
				"code": 58880,
				"name": "th-menu"
			},
			"setIdx": 0,
			"setId": 3,
			"iconIdx": 11
		},
		{
			"icon": {
				"paths": [
					"M64 192h896v192h-896zM64 448h896v192h-896zM64 704h896v192h-896z"
				],
				"attrs": [],
				"tags": [
					"menu",
					"list",
					"options",
					"lines",
					"hamburger"
				],
				"defaultCode": 58031,
				"grid": 16
			},
			"attrs": [],
			"properties": {
				"order": 6,
				"id": 1448,
				"prevSize": 32,
				"code": 59837,
				"ligatures": "menu, list3",
				"name": "menu"
			},
			"setIdx": 2,
			"setId": 0,
			"iconIdx": 189
		},
		{
			"icon": {
				"paths": [
					"M0 512c0 282.77 229.23 512 512 512s512-229.23 512-512-229.23-512-512-512-512 229.23-512 512zM928 512c0 229.75-186.25 416-416 416s-416-186.25-416-416 186.25-416 416-416 416 186.25 416 416z",
					"M706.744 669.256l90.512-90.512-285.256-285.254-285.254 285.256 90.508 90.508 194.746-194.744z"
				],
				"attrs": [],
				"tags": [
					"circle-up",
					"up",
					"circle-top",
					"arrow"
				],
				"defaultCode": 58883,
				"grid": 16
			},
			"attrs": [],
			"properties": {
				"order": 2,
				"id": 1393,
				"prevSize": 32,
				"code": 59969,
				"ligatures": "circle-up, up3",
				"name": "circle-up"
			},
			"setIdx": 2,
			"setId": 0,
			"iconIdx": 321
		},
		{
			"icon": {
				"paths": [
					"M512 0c-282.77 0-512 229.23-512 512s229.23 512 512 512 512-229.23 512-512-229.23-512-512-512zM512 928c-229.75 0-416-186.25-416-416s186.25-416 416-416 416 186.25 416 416-186.25 416-416 416z",
					"M354.744 706.744l90.512 90.512 285.254-285.256-285.256-285.254-90.508 90.508 194.744 194.746z"
				],
				"attrs": [],
				"tags": [
					"circle-right",
					"right",
					"circle-next",
					"arrow"
				],
				"defaultCode": 58883,
				"grid": 16
			},
			"attrs": [],
			"properties": {
				"order": 1,
				"id": 1395,
				"prevSize": 32,
				"code": 59970,
				"ligatures": "circle-right, right5",
				"name": "circle-right"
			},
			"setIdx": 2,
			"setId": 0,
			"iconIdx": 322
		},
		{
			"icon": {
				"paths": [
					"M1024 512c0-282.77-229.23-512-512-512s-512 229.23-512 512 229.23 512 512 512 512-229.23 512-512zM96 512c0-229.75 186.25-416 416-416s416 186.25 416 416-186.25 416-416 416-416-186.25-416-416z",
					"M317.256 354.744l-90.512 90.512 285.256 285.254 285.254-285.256-90.508-90.508-194.746 194.744z"
				],
				"attrs": [],
				"tags": [
					"circle-down",
					"down",
					"circle-bottom",
					"arrow"
				],
				"defaultCode": 58883,
				"grid": 16
			},
			"attrs": [],
			"properties": {
				"order": 3,
				"id": 1394,
				"prevSize": 32,
				"code": 59971,
				"ligatures": "circle-down, down3",
				"name": "circle-down"
			},
			"setIdx": 2,
			"setId": 0,
			"iconIdx": 323
		},
		{
			"icon": {
				"paths": [
					"M512 1024c282.77 0 512-229.23 512-512s-229.23-512-512-512-512 229.23-512 512 229.23 512 512 512zM512 96c229.75 0 416 186.25 416 416s-186.25 416-416 416-416-186.25-416-416 186.25-416 416-416z",
					"M669.256 317.256l-90.512-90.512-285.254 285.256 285.256 285.254 90.508-90.508-194.744-194.746z"
				],
				"attrs": [],
				"tags": [
					"circle-left",
					"left",
					"circle-previous",
					"arrow"
				],
				"defaultCode": 58883,
				"grid": 16
			},
			"attrs": [],
			"properties": {
				"id": 5,
				"order": 4,
				"prevSize": 32,
				"code": 59972,
				"ligatures": "circle-left, left5",
				"name": "circle-left"
			},
			"setIdx": 2,
			"setId": 0,
			"iconIdx": 324
		}
	],
	"height": 1024,
	"metadata": {
		"name": "icomoon"
	},
	"preferences": {
		"showGlyphs": true,
		"showQuickUse": true,
		"showQuickUse2": true,
		"showSVGs": true,
		"fontPref": {
			"prefix": "icon-",
			"metadata": {
				"fontFamily": "icomoon",
				"majorVersion": 1,
				"minorVersion": 0
			},
			"metrics": {
				"emSize": 1024,
				"baseline": 6.25,
				"whitespace": 50
			},
			"autoHost": false
		},
		"imagePref": {
			"prefix": "icon-",
			"png": true,
			"useClassSelector": true,
			"color": 4473924,
			"bgColor": 16777215
		},
		"historySize": 100,
		"showCodes": true,
		"quickUsageToken": {
			"CTC": "MmVjMTZjMjI2MzNlNzA0NWZmNzZiZjg5NGU3Yzg5NzQjMSMxNDI3ODI0NzU1IyMj"
		},
		"fontHostingName": false,
		"gridSize": 16,
		"showGrid": false
	}
}