{
  "name": "angular-resource",
  "version": "1.3.15",
  "main": "./angular-resource.js",
  "ignore": [],
  "dependencies": {
    "angular": "1.3.15"
  },
  "homepage": "https://github.com/angular/bower-angular-resource",
  "_release": "1.3.15",
  "_resolution": {
    "type": "version",
    "tag": "v1.3.15",
    "commit": "4cc3a759e2077f27aafb273a4a4929241aae1fd6"
  },
  "_source": "git://github.com/angular/bower-angular-resource.git",
  "_target": "~1.3.15",
  "_originalSource": "angular-resource"
}